datetime,AQI,CO,NO,NO2,O3,SO2,PM2_5,PM10,NH3,hour,day,month,weekday,AQI_lag_1,AQI_change,AQI_rolling_avg
2026-08-30 03:00:00,2,70.64,0.05,1.18,35.02,0.9,6.99,20.53,0.0,3,30,8,6,,0.0,2.0
2026-08-30 04:00:00,1,71.37,0.13,1.16,36.15,0.96,6.5,18.09,0.0,4,30,8,6,2.0,-1.0,2.0
2026-08-30 05:00:00,1,71.14,0.17,0.98,38.45,0.94,6.11,15.69,0.0,5,30,8,6,1.0,0.0,1.5
2026-08-30 06:00:00,1,70.22,0.16,0.77,41.43,0.91,6.07,14.75,0.01,6,30,8,6,1.0,0.0,1.3333333333333333
2026-08-30 07:00:00,1,70.41,0.11,0.71,43.64,0.87,6.01,15.01,0.0,7,30,8,6,1.0,0.0,1.0
2026-08-30 08:00:00,1,70.93,0.1,0.64,45.95,0.83,5.6,15.27,0.0,8,30,8,6,1.0,0.0,1.0
2026-08-30 09:00:00,1,71.53,0.1,0.62,47.3,0.8,5.23,15.06,0.0,9,30,8,6,1.0,0.0,1.0
2026-08-30 10:00:00,1,71.7,0.09,0.63,47.55,0.76,4.97,14.52,0.0,10,30,8,6,1.0,0.0,1.0
2026-08-30 11:00:00,1,71.59,0.1,0.68,46.55,0.75,4.85,14.33,0.0,11,30,8,6,1.0,0.0,1.0
2026-08-30 12:00:00,1,71.39,0.1,0.82,44.97,0.76,4.87,14.24,0.0,12,30,8,6,1.0,0.0,1.0
2026-08-30 13:00:00,1,71.25,0.06,1.04,42.34,0.78,4.96,13.94,0.0,13,30,8,6,1.0,0.0,1.0
2026-08-30 14:00:00,1,70.82,0.0,1.22,39.14,0.81,5.28,14.17,0.0,14,30,8,6,1.0,0.0,1.0
2026-08-30 15:00:00,1,70.3,0.0,1.21,36.9,0.84,5.64,14.8,0.0,15,30,8,6,1.0,0.0,1.0
2026-08-30 16:00:00,1,69.41,0.0,1.12,35.53,0.84,5.9,15.49,0.0,16,30,8,6,1.0,0.0,1.0
2026-08-30 17:00:00,1,69.46,0.0,1.13,34.62,0.89,6.41,16.53,0.0,17,30,8,6,1.0,0.0,1.0
2026-08-30 18:00:00,1,69.24,0.0,1.16,33.76,0.91,7.01,17.74,0.0,18,30,8,6,1.0,0.0,1.0
2026-08-30 19:00:00,1,68.09,0.0,1.12,32.55,0.9,7.49,19.03,0.0,19,30,8,6,1.0,0.0,1.0
2026-08-30 20:00:00,2,67.23,0.0,1.05,31.59,0.89,7.9,21.3,0.0,20,30,8,6,1.0,1.0,1.0
2026-08-30 21:00:00,2,66.59,0.0,0.97,30.77,0.87,8.11,23.2,0.0,21,30,8,6,2.0,0.0,1.3333333333333333
2026-08-30 22:00:00,2,66.07,0.0,0.89,30.17,0.83,8.07,23.58,0.0,22,30,8,6,2.0,0.0,1.6666666666666667
2026-08-30 23:00:00,2,66.08,0.0,0.83,29.59,0.79,7.89,22.63,0.0,23,30,8,6,2.0,0.0,2.0
2026-08-31 00:00:00,2,66.3,0.0,0.82,29.17,0.76,7.77,21.27,0.0,0,31,8,0,2.0,0.0,2.0
2026-08-31 01:00:00,1,66.98,0.0,0.89,28.78,0.78,7.67,19.86,0.0,1,31,8,0,2.0,-1.0,2.0
2026-08-31 02:00:00,1,68.77,0.0,1.15,28.25,0.86,7.55,18.53,0.0,2,31,8,0,1.0,0.0,1.6666666666666667
2026-08-31 03:00:00,1,70.81,0.05,1.45,27.88,1.0,7.27,17.13,0.0,3,31,8,0,1.0,0.0,1.3333333333333333
2026-08-31 04:00:00,1,72.15,0.14,1.51,28.31,1.1,6.98,15.96,0.0,4,31,8,0,1.0,0.0,1.0
2026-08-31 05:00:00,1,71.99,0.19,1.44,29.75,1.18,6.82,15.34,0.01,5,31,8,0,1.0,0.0,1.0
2026-08-31 06:00:00,1,71.31,0.2,1.23,32.6,1.19,6.57,14.88,0.01,6,31,8,0,1.0,0.0,1.0
2026-08-31 07:00:00,1,71.32,0.18,0.94,37.56,1.1,5.99,13.89,0.01,7,31,8,0,1.0,0.0,1.0
2026-08-31 08:00:00,1,71.66,0.15,0.84,40.87,1.01,5.37,12.92,0.01,8,31,8,0,1.0,0.0,1.0
2026-08-31 09:00:00,1,72.0,0.15,0.82,42.52,0.96,5.14,12.38,0.0,9,31,8,0,1.0,0.0,1.0
2026-08-31 10:00:00,1,72.32,0.14,0.84,43.21,0.92,4.97,11.67,0.0,10,31,8,0,1.0,0.0,1.0
2026-08-31 11:00:00,1,72.71,0.14,0.97,42.2,0.9,4.85,11.28,0.0,11,31,8,0,1.0,0.0,1.0
2026-08-31 12:00:00,1,73.19,0.12,1.25,39.75,0.92,4.87,11.42,0.0,12,31,8,0,1.0,0.0,1.0
2026-08-31 13:00:00,1,73.4,0.07,1.56,37.04,0.94,4.96,11.9,0.01,13,31,8,0,1.0,0.0,1.0
2026-08-31 14:00:00,1,72.9,0.01,1.72,34.99,0.98,5.23,13.02,0.01,14,31,8,0,1.0,0.0,1.0
2026-08-31 15:00:00,1,71.79,0.0,1.65,34.23,1.02,5.54,14.15,0.01,15,31,8,0,1.0,0.0,1.0
2026-08-31 16:00:00,1,70.38,0.0,1.51,34.11,1.04,5.68,14.46,0.01,16,31,8,0,1.0,0.0,1.0
2026-08-31 17:00:00,1,69.96,0.0,1.46,34.58,1.07,5.86,14.75,0.01,17,31,8,0,1.0,0.0,1.0
2026-08-31 18:00:00,1,69.81,0.0,1.43,35.04,1.09,6.0,14.98,0.0,18,31,8,0,1.0,0.0,1.0
2026-08-31 19:00:00,1,68.91,0.0,1.35,35.26,1.05,6.04,15.08,0.0,19,31,8,0,1.0,0.0,1.0
2026-08-31 20:00:00,1,68.06,0.0,1.22,35.34,0.99,6.26,15.69,0.0,20,31,8,0,1.0,0.0,1.0
2026-08-31 21:00:00,1,67.46,0.0,1.09,35.2,0.9,6.54,16.39,0.0,21,31,8,0,1.0,0.0,1.0
2026-08-31 22:00:00,1,67.04,0.0,0.97,34.91,0.82,6.75,16.74,0.0,22,31,8,0,1.0,0.0,1.0
2026-08-31 23:00:00,1,67.1,0.0,0.88,34.73,0.75,6.9,16.94,0.0,23,31,8,0,1.0,0.0,1.0
2026-09-01 00:00:00,1,67.42,0.0,0.87,34.44,0.72,7.03,17.16,0.0,0,1,9,1,1.0,0.0,1.0
2026-09-01 01:00:00,1,67.94,0.0,0.88,34.12,0.7,7.61,17.97,0.0,1,1,9,1,1.0,0.0,1.0
2026-09-01 02:00:00,1,69.59,0.01,1.19,33.28,0.79,7.75,17.98,0.0,2,1,9,1,1.0,0.0,1.0
2026-09-01 03:00:00,1,71.7,0.1,1.43,32.61,0.92,7.62,17.35,0.0,3,1,9,1,1.0,0.0,1.0
2026-09-01 04:00:00,1,72.31,0.21,1.33,33.38,0.99,7.03,15.72,0.0,4,1,9,1,1.0,0.0,1.0
2026-09-01 05:00:00,1,72.16,0.24,1.13,35.53,1.01,6.41,14.34,0.01,5,1,9,1,1.0,0.0,1.0
2026-09-01 06:00:00,1,71.69,0.19,0.94,38.73,1.01,5.94,13.51,0.0,6,1,9,1,1.0,0.0,1.0
2026-09-01 07:00:00,1,72.09,0.16,0.72,43.16,0.94,5.49,12.71,0.0,7,1,9,1,1.0,0.0,1.0
2026-09-01 08:00:00,1,72.64,0.14,0.64,46.3,0.88,5.02,11.99,0.0,8,1,9,1,1.0,0.0,1.0
2026-09-01 09:00:00,1,72.96,0.13,0.65,47.41,0.87,4.76,11.61,0.0,9,1,9,1,1.0,0.0,1.0
2026-09-01 10:00:00,1,73.6,0.14,0.68,47.52,0.85,4.53,11.17,0.0,10,1,9,1,1.0,0.0,1.0
2026-09-01 11:00:00,1,74.13,0.15,0.76,46.56,0.87,4.34,10.84,0.0,11,1,9,1,1.0,0.0,1.0
2026-09-01 12:00:00,1,74.78,0.17,0.92,45.02,0.9,4.25,10.85,0.0,12,1,9,1,1.0,0.0,1.0
2026-09-01 13:00:00,1,74.93,0.12,1.2,42.25,0.95,4.27,11.23,0.0,13,1,9,1,1.0,0.0,1.0
2026-09-01 14:00:00,1,74.86,0.01,1.49,38.59,1.02,4.41,11.98,0.0,14,1,9,1,1.0,0.0,1.0
2026-09-01 15:00:00,1,74.19,0.0,1.49,36.02,1.06,4.58,12.62,0.0,15,1,9,1,1.0,0.0,1.0
2026-09-01 16:00:00,1,72.96,0.0,1.44,34.37,1.08,4.68,13.08,0.0,16,1,9,1,1.0,0.0,1.0
2026-09-01 17:00:00,1,72.56,0.0,1.43,33.74,1.11,4.85,13.78,0.01,17,1,9,1,1.0,0.0,1.0
2026-09-01 18:00:00,1,72.27,0.0,1.41,33.52,1.1,5.07,14.53,0.0,18,1,9,1,1.0,0.0,1.0
2026-09-01 19:00:00,1,71.14,0.0,1.33,33.32,1.06,5.27,15.02,0.0,19,1,9,1,1.0,0.0,1.0
2026-09-01 20:00:00,1,70.4,0.0,1.22,33.31,1.01,5.5,15.64,0.0,20,1,9,1,1.0,0.0,1.0
2026-09-01 21:00:00,1,69.86,0.0,1.1,33.38,0.95,5.65,16.04,0.0,21,1,9,1,1.0,0.0,1.0
2026-09-01 22:00:00,1,69.47,0.0,1.0,33.42,0.88,5.68,16.01,0.0,22,1,9,1,1.0,0.0,1.0
2026-09-01 23:00:00,1,69.24,0.0,0.92,33.48,0.81,5.63,15.54,0.0,23,1,9,1,1.0,0.0,1.0
2026-09-02 00:00:00,1,69.46,0.0,0.91,33.58,0.77,5.52,14.89,0.0,0,2,9,2,1.0,0.0,1.0
2026-09-02 01:00:00,1,70.15,0.0,1.01,33.69,0.78,5.32,14.13,0.0,1,2,9,2,1.0,0.0,1.0
2026-09-02 02:00:00,1,72.1,0.0,1.31,33.74,0.86,5.03,13.24,0.0,2,2,9,2,1.0,0.0,1.0
2026-09-02 03:00:00,1,74.4,0.05,1.65,33.96,1.02,4.79,12.62,0.0,3,2,9,2,1.0,0.0,1.0
2026-09-02 04:00:00,1,75.72,0.12,1.71,34.93,1.14,4.41,11.28,0.01,4,2,9,2,1.0,0.0,1.0
2026-09-02 05:00:00,1,76.57,0.17,1.62,36.47,1.15,4.09,10.23,0.02,5,2,9,2,1.0,0.0,1.0
2026-09-02 06:00:00,1,76.63,0.18,1.45,39.03,1.13,3.88,9.69,0.02,6,2,9,2,1.0,0.0,1.0
2026-09-02 07:00:00,1,77.03,0.18,1.18,43.53,1.06,3.67,9.3,0.02,7,2,9,2,1.0,0.0,1.0
2026-09-02 08:00:00,1,76.87,0.15,0.97,47.8,0.98,3.53,9.24,0.02,8,2,9,2,1.0,0.0,1.0
2026-09-02 09:00:00,1,76.91,0.14,0.85,50.25,0.92,3.42,9.28,0.01,9,2,9,2,1.0,0.0,1.0
2026-09-02 10:00:00,1,77.4,0.15,0.78,52.05,0.88,3.37,9.55,0.01,10,2,9,2,1.0,0.0,1.0
2026-09-02 11:00:00,1,77.88,0.14,0.97,50.63,0.89,3.39,10.11,0.01,11,2,9,2,1.0,0.0,1.0
2026-09-02 12:00:00,1,78.94,0.12,1.36,46.99,0.91,3.43,10.59,0.01,12,2,9,2,1.0,0.0,1.0
2026-09-02 13:00:00,1,79.47,0.05,1.75,42.8,0.95,3.56,11.24,0.02,13,2,9,2,1.0,0.0,1.0
2026-09-02 14:00:00,1,78.65,0.0,1.84,39.41,1.0,3.95,12.36,0.02,14,2,9,2,1.0,0.0,1.0
2026-09-02 15:00:00,1,77.02,0.0,1.74,37.33,1.06,4.51,13.64,0.02,15,2,9,2,1.0,0.0,1.0
2026-09-02 16:00:00,1,74.71,0.0,1.61,36.19,1.13,4.94,14.4,0.01,16,2,9,2,1.0,0.0,1.0
2026-09-02 17:00:00,1,74.11,0.0,1.58,35.76,1.15,5.32,14.99,0.0,17,2,9,2,1.0,0.0,1.0
2026-09-02 18:00:00,1,73.91,0.0,1.59,35.76,1.15,5.59,15.33,0.0,18,2,9,2,1.0,0.0,1.0
2026-09-02 19:00:00,1,73.1,0.0,1.52,35.79,1.13,5.61,15.16,0.0,19,2,9,2,1.0,0.0,1.0
2026-09-02 20:00:00,1,72.78,0.0,1.38,36.22,1.09,5.5,15.02,0.0,20,2,9,2,1.0,0.0,1.0
2026-09-02 21:00:00,1,72.67,0.0,1.25,36.66,1.04,5.35,14.99,0.0,21,2,9,2,1.0,0.0,1.0
2026-09-02 22:00:00,1,72.3,0.0,1.14,36.84,0.98,5.16,14.78,0.0,22,2,9,2,1.0,0.0,1.0
2026-09-02 23:00:00,1,72.05,0.0,1.04,37.03,0.9,4.98,14.54,0.0,23,2,9,2,1.0,0.0,1.0
2026-09-03 00:00:00,1,71.97,0.0,1.03,36.98,0.87,4.8,14.34,0.0,0,3,9,3,1.0,0.0,1.0
2026-09-03 01:00:00,1,72.31,0.0,1.14,36.77,0.88,4.55,13.91,0.0,1,3,9,3,1.0,0.0,1.0
2026-09-03 02:00:00,1,74.22,0.01,1.5,36.3,0.97,4.23,13.14,0.0,2,3,9,3,1.0,0.0,1.0
2026-09-03 03:00:00,1,76.5,0.1,1.82,36.11,1.13,3.91,12.11,0.01,3,3,9,3,1.0,0.0,1.0
2026-09-03 04:00:00,1,77.79,0.2,1.85,36.73,1.26,3.52,10.56,0.01,4,3,9,3,1.0,0.0,1.0
2026-09-03 05:00:00,1,78.42,0.25,1.74,38.25,1.32,3.35,9.61,0.02,5,3,9,3,1.0,0.0,1.0
2026-09-03 06:00:00,1,78.12,0.24,1.52,40.79,1.3,3.31,8.97,0.02,6,3,9,3,1.0,0.0,1.0
2026-09-03 07:00:00,1,77.94,0.21,1.19,44.4,1.17,3.21,8.12,0.02,7,3,9,3,1.0,0.0,1.0
2026-09-03 08:00:00,1,77.69,0.17,0.92,47.69,1.02,3.11,7.68,0.01,8,3,9,3,1.0,0.0,1.0
2026-09-03 09:00:00,1,77.8,0.15,0.79,49.76,0.93,3.12,7.83,0.01,9,3,9,3,1.0,0.0,1.0
2026-09-03 10:00:00,1,78.16,0.14,0.76,50.74,0.87,3.2,8.32,0.0,10,3,9,3,1.0,0.0,1.0
2026-09-03 11:00:00,1,78.17,0.14,0.9,48.89,0.85,3.36,8.99,0.0,11,3,9,3,1.0,0.0,1.0
2026-09-03 12:00:00,1,78.29,0.11,1.2,45.23,0.85,3.53,9.53,0.0,12,3,9,3,1.0,0.0,1.0
2026-09-03 13:00:00,1,77.99,0.05,1.52,40.96,0.86,3.74,9.92,0.01,13,3,9,3,1.0,0.0,1.0
2026-09-03 14:00:00,1,76.87,0.0,1.65,37.56,0.89,4.12,10.69,0.01,14,3,9,3,1.0,0.0,1.0
2026-09-03 15:00:00,1,75.4,0.0,1.62,35.65,0.94,4.53,11.47,0.0,15,3,9,3,1.0,0.0,1.0
2026-09-03 16:00:00,1,73.26,0.0,1.51,34.68,0.98,4.76,11.86,0.0,16,3,9,3,1.0,0.0,1.0
2026-09-03 17:00:00,1,72.78,0.0,1.48,34.4,0.97,4.99,12.3,0.0,17,3,9,3,1.0,0.0,1.0
2026-09-03 18:00:00,1,72.3,0.0,1.47,34.22,0.97,5.21,12.64,0.0,18,3,9,3,1.0,0.0,1.0
2026-09-03 19:00:00,1,71.08,0.0,1.39,33.97,0.94,5.3,12.7,0.0,19,3,9,3,1.0,0.0,1.0
2026-09-03 20:00:00,1,70.24,0.0,1.24,34.07,0.9,5.36,12.93,0.0,20,3,9,3,1.0,0.0,1.0
2026-09-03 21:00:00,1,69.86,0.0,1.09,34.29,0.84,5.35,13.23,0.0,21,3,9,3,1.0,0.0,1.0
2026-09-03 22:00:00,1,69.87,0.0,0.96,34.62,0.78,5.28,13.57,0.0,22,3,9,3,1.0,0.0,1.0
2026-09-03 23:00:00,1,70.22,0.0,0.89,35.06,0.74,5.23,13.99,0.0,23,3,9,3,1.0,0.0,1.0
2026-09-04 00:00:00,1,70.86,0.0,0.89,35.42,0.74,5.2,14.37,0.0,0,4,9,4,1.0,0.0,1.0
2026-09-04 01:00:00,1,71.96,0.0,1.02,35.57,0.78,5.18,14.7,0.0,1,4,9,4,1.0,0.0,1.0
2026-09-04 02:00:00,1,74.2,0.01,1.39,35.42,0.91,5.16,14.89,0.0,2,4,9,4,1.0,0.0,1.0
2026-09-04 17:32:19,1,71.29,0.0,1.36,34.41,0.99,6.22,15.86,0.0,17,4,9,4,1.0,0.0,1.0
2026-09-04 17:56:13,1,71.29,0.0,1.36,34.41,0.99,6.22,15.86,0.0,17,4,9,4,1.0,0.0,1.0
2026-09-04 18:04:48,1,71.29,0.0,1.36,34.41,0.99,6.22,15.86,0.0,18,4,9,4,1.0,0.0,1.0
2026-09-05 02:55:44,1,72.33,0.12,1.25,35.74,0.87,5.77,16.44,0.0,2,5,9,5,1.0,0.0,1.0
2026-09-05 15:50:58,1,72.14,0.0,1.19,34.42,0.81,6.34,14.66,0.0,15,5,9,5,1.0,0.0,1.0
2026-09-05 18:46:29,1,71.09,0.0,1.24,33.88,0.94,6.96,18.8,0.0,18,5,9,5,1.0,0.0,1.0
2026-09-05 20:56:07,1,69.92,0.0,1.11,34.01,0.92,7.04,19.26,0.0,20,5,9,5,1.0,0.0,1.0
2026-09-05 22:39:00,1,68.87,0.0,0.99,34.22,0.85,7.0,18.99,0.0,22,5,9,5,1.0,0.0,1.0
2026-09-06 00:33:38,1,68.88,0.0,1.09,34.2,0.85,7.27,19.82,0.0,0,6,9,6,1.0,0.0,1.0
2026-09-06 05:29:32,1,71.82,0.23,0.95,40.13,1.03,6.56,16.51,0.0,5,6,9,6,1.0,0.0,1.0
2026-09-06 10:15:12,1,75.01,0.11,0.67,47.95,0.83,5.9,16.89,0.0,10,6,9,6,1.0,0.0,1.0
2026-09-06 13:55:33,1,78.22,0.0,1.43,39.03,0.83,5.99,15.68,0.0,13,6,9,6,1.0,0.0,1.0
2026-09-06 16:42:11,1,74.99,0.0,1.39,34.19,1.03,7.23,19.71,0.0,16,6,9,6,1.0,0.0,1.0
2026-09-06 18:50:41,2,73.12,0.0,1.24,33.8,1.0,7.67,22.28,0.0,18,6,9,6,1.0,1.0,1.0
2026-09-06 21:02:21,2,72.11,0.0,1.07,34.48,0.96,7.65,23.48,0.0,21,6,9,6,2.0,0.0,1.3333333333333333
2026-09-06 23:28:27,2,71.61,0.0,0.99,35.03,0.91,7.48,24.24,0.0,23,6,9,6,2.0,0.0,1.6666666666666667
2026-09-07 02:51:40,2,75.27,0.22,1.68,34.16,1.23,7.47,24.34,0.0,2,7,9,0,2.0,0.0,2.0
2026-09-07 07:55:32,1,74.87,0.15,0.74,48.17,1.04,5.26,15.04,0.0,7,7,9,0,2.0,-1.0,2.0
2026-09-07 13:58:18,1,76.84,0.0,1.68,36.09,1.04,5.52,15.68,0.0,13,7,9,0,1.0,0.0,1.6666666666666667
2026-09-07 18:40:04,1,72.06,0.0,1.43,32.19,1.16,7.07,18.17,0.0,18,7,9,0,1.0,0.0,1.3333333333333333
2026-09-07 21:55:10,1,70.21,0.0,1.06,31.81,0.94,6.75,18.35,0.0,21,7,9,0,1.0,0.0,1.0
2026-09-07 23:58:58,1,70.41,0.0,0.96,31.52,0.87,6.21,18.09,0.0,23,7,9,0,1.0,0.0,1.0
2026-09-08 04:10:11,1,75.09,0.34,1.19,32.33,1.16,5.27,14.48,0.0,4,8,9,1,1.0,0.0,1.0
2026-09-08 09:21:28,1,75.33,0.18,0.66,45.99,0.9,4.11,10.35,0.0,9,8,9,1,1.0,0.0,1.0
