datetime,AQI,CO,NO,NO2,O3,SO2,PM2_5,PM10,NH3
1783731600,3,67.63,0.0,0.68,38.67,0.74,14.64,61.21,0.24
1783735200,3,68.75,0.01,0.88,38.99,0.81,14.09,58.51,0.25
1783738800,3,70.31,0.06,1.07,40.05,0.9,13.57,55.94,0.23
1783742400,3,71.19,0.12,1.03,43.18,0.95,13.26,55.49,0.2
1783746000,3,71.06,0.14,0.8,47.91,0.95,12.99,53.78,0.18
1783749600,3,70.67,0.13,0.6,52.72,0.93,12.36,50.85,0.16
1783753200,2,71.1,0.11,0.5,56.66,0.88,11.5,48.63,0.14
1783756800,2,70.89,0.1,0.49,56.53,0.85,11.09,47.48,0.13
1783760400,2,70.18,0.11,0.51,53.66,0.85,11.47,49.35,0.12
1783764000,3,70.24,0.11,0.54,50.72,0.85,11.84,51.28,0.11
1783767600,3,70.4,0.1,0.66,47.93,0.86,11.95,52.08,0.12
1783771200,3,71.24,0.08,0.86,45.6,0.87,11.99,52.32,0.13
1783774800,3,71.46,0.05,1.05,42.9,0.89,12.28,54.06,0.15
1783778400,3,71.05,0.01,1.15,40.03,0.94,13.0,57.57,0.16
1783782000,3,70.46,0.0,1.09,38.37,0.98,13.47,60.38,0.17
1783785600,3,69.74,0.0,1.0,37.86,1.0,13.78,62.36,0.18
1783789200,3,69.23,0.0,0.99,37.73,1.05,14.59,68.11,0.18
1783792800,3,68.72,0.0,0.98,37.22,1.09,15.72,75.49,0.18
1783796400,3,67.99,0.0,0.92,36.69,1.06,16.66,80.66,0.18
1783800000,3,67.9,0.0,0.84,36.73,1.02,17.21,83.01,0.18
1783803600,3,68.07,0.0,0.77,37.13,0.98,17.64,85.0,0.19
1783807200,3,67.98,0.0,0.73,37.35,0.94,18.12,85.9,0.19
1783810800,3,67.8,0.0,0.71,37.24,0.91,18.36,85.91,0.2
1783814400,3,67.36,0.0,0.72,36.98,0.9,18.17,84.94,0.21
1783818000,3,67.48,0.0,0.69,37.01,0.85,18.29,86.99,0.2
1783821600,3,68.29,0.02,0.87,36.61,0.91,18.15,84.37,0.2
1783825200,3,69.45,0.11,0.96,36.77,1.0,17.96,81.9,0.18
1783828800,3,70.03,0.19,0.87,39.01,1.11,17.8,81.42,0.16
1783832400,3,69.82,0.18,0.73,42.7,1.16,17.72,82.15,0.14
1783836000,3,69.46,0.16,0.6,46.16,1.15,17.91,83.96,0.12
1783839600,3,70.12,0.12,0.53,49.39,1.06,18.6,89.99,0.07
1783843200,3,70.12,0.11,0.52,49.89,0.99,19.39,96.84,0.03
1783846800,4,69.86,0.1,0.56,48.27,0.98,19.83,100.7,0.02
1783850400,4,70.17,0.09,0.62,46.26,0.98,20.16,102.92,0.02
1783854000,4,70.45,0.08,0.74,43.73,1.0,20.23,102.34,0.02
1783857600,4,71.3,0.06,0.91,41.67,1.03,20.29,100.82,0.04
1783861200,3,71.85,0.03,1.06,40.26,1.05,20.13,98.23,0.06
1783864800,3,71.97,0.0,1.11,39.25,1.08,19.21,91.48,0.1
1783868400,3,71.69,0.0,1.06,38.53,1.1,18.13,84.06,0.13
1783872000,3,70.93,0.0,1.0,37.83,1.12,17.68,80.55,0.16
1783875600,3,70.99,0.0,1.0,37.49,1.16,18.29,82.91,0.18
1783879200,3,71.03,0.0,0.99,37.34,1.16,19.11,86.66,0.2
1783882800,3,70.53,0.0,0.93,36.99,1.12,19.62,89.18,0.2
1783886400,3,70.0,0.0,0.86,36.71,1.09,19.68,89.72,0.21
1783890000,3,69.79,0.0,0.8,36.41,1.06,19.22,87.88,0.23
1783893600,3,69.49,0.0,0.75,36.14,1.02,18.42,84.46,0.25
1783897200,3,69.6,0.0,0.73,36.07,0.99,17.57,80.8,0.26
1783900800,3,69.8,0.0,0.77,36.35,0.99,16.87,77.91,0.28
1783904400,3,70.24,0.0,0.89,36.44,1.02,16.42,76.05,0.29
1783908000,3,71.42,0.02,1.15,36.21,1.12,16.17,75.01,0.29
1783911600,3,72.9,0.12,1.33,36.19,1.24,16.08,74.79,0.27
1783915200,3,73.23,0.22,1.25,37.61,1.35,16.13,75.32,0.24
1783918800,3,72.24,0.22,1.09,39.82,1.41,16.14,75.92,0.21
1783922400,3,71.46,0.18,0.95,42.4,1.42,16.02,76.06,0.19
1783926000,3,71.81,0.15,0.81,46.01,1.33,15.41,73.64,0.16
1783929600,3,71.93,0.14,0.72,47.85,1.23,14.65,70.49,0.14
1783933200,3,71.72,0.13,0.69,47.18,1.16,14.41,70.1,0.13
1783936800,3,71.46,0.13,0.72,45.17,1.12,14.23,70.35,0.13
1783940400,3,71.74,0.15,0.77,43.59,1.1,13.74,68.22,0.13
1783944000,3,72.91,0.16,0.89,42.82,1.09,13.21,64.76,0.15
1783947600,3,73.57,0.11,1.12,41.06,1.09,12.96,61.38,0.17
1783951200,3,73.47,0.02,1.34,38.4,1.11,12.79,56.97,0.2
1783954800,3,72.76,0.0,1.32,36.65,1.12,12.6,52.11,0.23
1783958400,2,71.68,0.0,1.24,35.69,1.1,12.21,47.1,0.24
1783962000,2,71.43,0.0,1.21,35.46,1.1,12.14,44.64,0.26
1783965600,2,71.4,0.0,1.19,35.59,1.08,12.01,43.52,0.26
1783969200,2,70.74,0.0,1.1,35.59,1.02,11.37,41.24,0.26
1783972800,2,70.44,0.0,0.98,35.78,0.96,10.74,39.99,0.26
1783976400,2,70.11,0.0,0.88,36.03,0.9,10.26,39.78,0.27
1783980000,2,69.82,0.0,0.81,36.21,0.85,9.87,39.22,0.28
1783983600,2,69.59,0.0,0.76,36.45,0.81,9.34,36.6,0.28
1783987200,2,69.62,0.0,0.77,36.5,0.78,8.84,33.49,0.29
1783990800,2,69.88,0.0,0.88,36.34,0.81,8.44,30.69,0.29
1783994400,2,70.93,0.01,1.16,36.04,0.9,8.09,27.81,0.29
1783998000,2,72.33,0.07,1.4,36.09,1.0,7.56,24.39,0.27
1784001600,2,73.02,0.11,1.43,37.29,1.04,6.81,20.52,0.25
1784005200,1,72.54,0.12,1.32,39.2,1.04,6.29,17.66,0.24
1784008800,1,71.65,0.12,1.16,41.32,1.01,5.93,15.75,0.23
1784012400,1,71.46,0.13,0.91,44.26,0.95,5.59,14.23,0.22
1784016000,1,71.01,0.13,0.75,46.28,0.88,5.35,13.6,0.2
1784019600,1,70.98,0.14,0.68,47.2,0.84,5.15,13.11,0.2
1784023200,1,71.46,0.14,0.66,47.38,0.8,4.95,12.41,0.2
1784026800,1,72.14,0.15,0.72,46.97,0.8,4.83,11.83,0.21
1784030400,1,72.97,0.16,0.87,46.27,0.82,4.93,12.07,0.22
1784034000,1,73.2,0.13,1.11,44.67,0.87,5.32,13.88,0.24
1784037600,1,73.07,0.03,1.42,42.37,0.99,6.06,17.14,0.28
1784041200,2,72.58,0.0,1.48,40.55,1.05,6.7,20.06,0.31
1784044800,2,71.5,0.0,1.43,39.35,1.07,6.92,21.06,0.32
1784048400,2,71.62,0.0,1.48,38.9,1.11,6.95,20.69,0.34
1784052000,1,72.03,0.0,1.5,38.69,1.1,6.76,19.5,0.34
1784055600,1,71.4,0.0,1.46,38.39,1.06,6.4,18.05,0.35
1784059200,1,71.22,0.0,1.4,38.08,1.0,6.13,17.23,0.38
1784062800,1,70.89,0.0,1.31,37.83,0.94,5.85,16.54,0.41
1784066400,1,70.55,0.0,1.22,37.67,0.88,5.56,15.94,0.42
1784070000,1,70.51,0.0,1.13,37.63,0.84,5.36,15.81,0.42
1784073600,1,70.84,0.0,1.1,37.51,0.83,5.32,16.18,0.41
1784077200,1,71.63,0.0,1.19,37.36,0.87,5.37,16.66,0.41
1784080800,1,73.43,0.01,1.48,37.21,0.97,5.38,16.45,0.41
1784084400,1,75.67,0.04,1.81,37.3,1.11,5.23,15.19,0.38
1784088000,1,75.94,0.06,1.67,38.92,1.03,4.21,10.63,0.3
1784091600,1,75.74,0.07,1.42,41.01,0.89,3.36,7.65,0.27
1784095200,1,75.22,0.07,1.25,42.42,0.83,3.06,6.67,0.26
1784098800,1,75.46,0.08,1.1,44.34,0.79,2.93,6.19,0.25
1784102400,1,75.43,0.09,1.01,45.91,0.79,3.01,6.25,0.24
1784106000,1,75.37,0.11,0.95,47.0,0.79,3.11,6.45,0.23
1784109600,1,75.85,0.12,0.96,47.61,0.84,3.28,6.89,0.25
1784113200,1,76.26,0.14,1.09,46.74,0.89,3.62,7.99,0.29
1784116800,1,77.24,0.17,1.28,45.9,0.92,3.94,9.18,0.32
1784120400,1,78.14,0.15,1.54,44.56,0.92,4.33,10.98,0.38
1784124000,1,78.57,0.04,1.84,42.43,0.99,4.87,13.18,0.45
1784127600,1,78.25,0.0,1.91,40.6,1.05,5.41,14.83,0.5
1784131200,1,76.94,0.0,1.83,39.39,1.09,5.65,15.45,0.51
1784134800,1,76.26,0.0,1.79,38.94,1.14,5.75,15.53,0.49
1784138400,1,75.53,0.0,1.75,38.6,1.15,5.72,15.22,0.45
1784142000,1,73.94,0.0,1.62,38.13,1.11,5.55,14.56,0.41
